{ "patrol": [[[41.78414507343588,-87.60613918304443],[41.79491226119967,-87.60639667510986],[41.794928258647175,-87.60757684707642],[41.79627202998427,-87.60736227035522],[41.79831962736949,-87.60798454284668],[41.79897548457337,-87.60809183120728],[41.799183437895024,-87.60804891586304],[41.80062309622976,-87.60764122009277],[41.80091102401554,-87.60761976242065],[41.80119895050757,-87.60749101638794],[41.80153486311313,-87.60729789733887],[41.80172681238285,-87.60693311691284],[41.80177479961041,-87.60652542114258],[41.81314675899893,-87.60676145553589],[41.813066794461804,-87.61163234710693],[41.81496992335983,-87.61171817779541],[41.815033893096725,-87.60678291320801],[41.8226618261253,-87.60695457458496],[41.8226298450744,-87.60989427566528],[41.82398902565081,-87.6099157333374],[41.82406897655094,-87.60704040527344],[41.8277466100349,-87.60897159576416],[41.82872194695026,-87.60631084442139],[41.82443674940558,-87.60343551635742],[41.82549208586862,-87.59985208511353],[41.82344535688249,-87.59916543960571],[41.82317352076718,-87.59912252426147],[41.82131860823476,-87.598135471344],[41.81712886667111,-87.59495973587036],[41.81536653474767,-87.5935435295105],[41.8144389721262,-87.59257793426514],[41.8129036665453,-87.59047508239746],[41.81245586215202,-87.58998155593872],[41.81143229749721,-87.58910179138184],[41.80986493242183,-87.58777141571045],[41.80813758771501,-87.58639812469482],[41.807145942858114,-87.58569002151489],[41.80514661220323,-87.58302927017212],[41.804122930757835,-87.58191347122191],[41.80255538684776,-87.5813341140747],[41.7996441321299,-87.58129119873047],[41.79871634184618,-87.58094787597656],[41.79769255766872,-87.58021831512451],[41.79686072098182,-87.57938146591187],[41.79617284787361,-87.57901668548584],[41.7953249941171,-87.57895231246947],[41.79436514613985,-87.57933855056763],[41.79361325518418,-87.57985353469849],[41.79265338157255,-87.58013248443604],[41.79118154744996,-87.57972478866577],[41.79007764967971,-87.57880210876465],[41.788637754454214,-87.57772922515869],[41.78660584728382,-87.57749319076538],[41.78524587343899,-87.577064037323],[41.7835626659131,-87.57609844207764],[41.78375466900986,-87.58674144744873],[41.77866639268445,-87.58622646331787],[41.77869839568402,-87.59764194488525],[41.77674618348343,-87.59841442108154],[41.77681019138311,-87.60047435760498],[41.77857038358987,-87.60056018829346],[41.77674618348343,-87.6073408126831],[41.78410667319401,-87.6073408126831]]], "campus": [[[41.784166407110675,-87.60515213012695],[41.7850304083828,-87.60528087615967],[41.785062408206315,-87.60626792907715],[41.795141557728655,-87.60648250579834],[41.79520554726585,-87.59798526763916],[41.791558041682975,-87.59785652160645],[41.791654031331234,-87.59626865386963],[41.78967021605525,-87.59626865386963],[41.7897342110547,-87.59141921997069],[41.7890622603743,-87.59146213531494],[41.78903026254716,-87.5901746749878],[41.78842230079713,-87.59008884429932],[41.788454298927704,-87.58914470672606],[41.784454408828374,-87.59021759033203],[41.78407040625063,-87.59146213531494],[41.78602239548548,-87.59159088134766],[41.78602239548548,-87.5919771194458],[41.78407040625063,-87.59189128875732],[41.78394240488032,-87.60510921478271]]] }
